{
  "total_allocated": {
    "mean": 0.47109375000000003,
    "std": 0.3676152760848459,
    "min": 0.0,
    "max": 1.0,
    "median": 0.525,
    "q25": 0.0,
    "q75": 0.7999999999999999,
    "variance": 0.13514099121093748,
    "skewness": -3.3409558876152446e-49,
    "kurtosis": -3.0
  },
  "unallocated_capital": {
    "mean": 0.51796875,
    "std": 0.3748298767753679,
    "min": 0.0,
    "max": 1.0,
    "median": 0.475,
    "q25": 0.2,
    "q75": 1.0,
    "variance": 0.1404974365234375,
    "skewness": 7.216464717248928e-50,
    "kurtosis": -3.0
  },
  "num_positive_bets": {
    "mean": 1.1875,
    "std": 1.0734727523323542,
    "min": "0",
    "max": "3",
    "median": 1.0,
    "q25": 0.0,
    "q75": 2.0,
    "variance": 1.15234375,
    "skewness": -2.1382117680737565e-50,
    "kurtosis": -3.0
  },
  "num_negative_bets": {
    "mean": 0.953125,
    "std": 0.9910488052437175,
    "min": "0",
    "max": "3",
    "median": 1.0,
    "q25": 0.0,
    "q75": 2.0,
    "variance": 0.982177734375,
    "skewness": 2.1382117680737565e-50,
    "kurtosis": -3.0
  },
  "avg_bet_magnitude": {
    "mean": 0.11777343750000001,
    "std": 0.09190381902121147,
    "min": 0.0,
    "max": 0.25,
    "median": 0.13125,
    "q25": 0.0,
    "q75": 0.19999999999999998,
    "variance": 0.008446311950683592,
    "skewness": -3.3409558876152446e-49,
    "kurtosis": -3.0
  },
  "num_markets_per_event": {
    "mean": 4.0,
    "std": 0.0,
    "min": "4",
    "max": "4",
    "median": 4.0,
    "q25": 4.0,
    "q75": 4.0,
    "variance": 0.0,
    "skewness": 0.0,
    "kurtosis": 0.0
  }
}