{
  "total_allocated": [
    0.0,
    0.35,
    0.0,
    0.7000000000000001,
    0.0,
    0.65,
    0.4,
    0.6,
    1.0,
    0.65,
    0.9999999999999999,
    0.49999999999999994,
    1.0,
    0.6,
    0.0,
    0.35,
    0.0,
    0.39999999999999997,
    0.8,
    0.15,
    0.0,
    0.7000000000000001,
    0.0,
    0.2,
    1.0,
    0.8,
    0.7,
    0.9,
    0.0,
    0.55,
    1.0,
    0.7499999999999999,
    0.0,
    0.6000000000000001,
    0.8999999999999999,
    0.45000000000000007,
    0.0,
    0.35000000000000003,
    0.0,
    0.75,
    0.0,
    0.55,
    0.0,
    0.2,
    0.2,
    0.6,
    0.0,
    0.25,
    1.0,
    0.75,
    0.0,
    0.5,
    1.0,
    0.7,
    0.0,
    0.30000000000000004,
    1.0,
    0.7999999999999999,
    0.9999999999999999,
    0.9,
    0.0,
    0.7999999999999999,
    0.0,
    0.7999999999999999
  ],
  "unallocated_capital": [
    1.0,
    0.65,
    1.0,
    0.5,
    1.0,
    0.35,
    0.6,
    0.4,
    0.0,
    0.35,
    0.0,
    0.5,
    0.0,
    0.4,
    1.0,
    0.65,
    1.0,
    0.7,
    0.2,
    0.85,
    1.0,
    0.29999999999999993,
    1.0,
    0.8,
    0.0,
    0.2,
    0.30000000000000004,
    0.7,
    1.0,
    0.45,
    0.0,
    0.25,
    1.0,
    0.0,
    0.1,
    0.55,
    1.0,
    0.6499999999999999,
    1.0,
    0.25,
    1.0,
    0.44999999999999996,
    1.0,
    0.2,
    0.8,
    0.4,
    1.0,
    0.75,
    0.0,
    0.25,
    1.0,
    0.5,
    0.0,
    0.3,
    1.0,
    0.1,
    0.0,
    0.4,
    1.1102230246251565e-16,
    0.1,
    1.0,
    0.20000000000000007,
    1.0,
    0.0
  ],
  "num_positive_bets": [
    0,
    1,
    0,
    3,
    0,
    2,
    2,
    2,
    3,
    2,
    3,
    2,
    3,
    1,
    0,
    1,
    0,
    2,
    2,
    1,
    0,
    2,
    0,
    1,
    1,
    1,
    2,
    3,
    0,
    1,
    3,
    3,
    0,
    1,
    3,
    1,
    0,
    2,
    0,
    1,
    0,
    1,
    0,
    0,
    0,
    1,
    0,
    0,
    3,
    1,
    0,
    1,
    3,
    1,
    0,
    1,
    1,
    1,
    3,
    2,
    0,
    1,
    0,
    1
  ],
  "num_negative_bets": [
    0,
    1,
    0,
    1,
    0,
    2,
    0,
    2,
    1,
    1,
    1,
    2,
    1,
    3,
    0,
    1,
    0,
    2,
    0,
    0,
    0,
    2,
    0,
    0,
    0,
    1,
    1,
    1,
    0,
    2,
    1,
    1,
    0,
    2,
    0,
    2,
    0,
    1,
    0,
    3,
    0,
    2,
    0,
    1,
    1,
    0,
    0,
    2,
    0,
    3,
    0,
    1,
    1,
    1,
    0,
    2,
    0,
    3,
    1,
    2,
    0,
    3,
    0,
    3
  ],
  "avg_bet_magnitude": [
    0.0,
    0.0875,
    0.0,
    0.17500000000000002,
    0.0,
    0.1625,
    0.1,
    0.15,
    0.25,
    0.1625,
    0.24999999999999997,
    0.12499999999999999,
    0.25,
    0.15,
    0.0,
    0.0875,
    0.0,
    0.09999999999999999,
    0.2,
    0.0375,
    0.0,
    0.17500000000000002,
    0.0,
    0.05,
    0.25,
    0.2,
    0.175,
    0.225,
    0.0,
    0.1375,
    0.25,
    0.18749999999999997,
    0.0,
    0.15000000000000002,
    0.22499999999999998,
    0.11250000000000002,
    0.0,
    0.08750000000000001,
    0.0,
    0.1875,
    0.0,
    0.1375,
    0.0,
    0.05,
    0.05,
    0.15,
    0.0,
    0.0625,
    0.25,
    0.1875,
    0.0,
    0.125,
    0.25,
    0.175,
    0.0,
    0.07500000000000001,
    0.25,
    0.19999999999999998,
    0.24999999999999997,
    0.225,
    0.0,
    0.19999999999999998,
    0.0,
    0.19999999999999998
  ],
  "num_markets_per_event": [
    4,
    4,
    4,
    4,
    4,
    4,
    4,
    4,
    4,
    4,
    4,
    4,
    4,
    4,
    4,
    4,
    4,
    4,
    4,
    4,
    4,
    4,
    4,
    4,
    4,
    4,
    4,
    4,
    4,
    4,
    4,
    4,
    4,
    4,
    4,
    4,
    4,
    4,
    4,
    4,
    4,
    4,
    4,
    4,
    4,
    4,
    4,
    4,
    4,
    4,
    4,
    4,
    4,
    4,
    4,
    4,
    4,
    4,
    4,
    4,
    4,
    4,
    4,
    4
  ]
}