{
  "odds": {
    "mean": 0.5175371093750001,
    "std": 0.4358530451232465,
    "min": 0.0,
    "max": 1.0,
    "median": 0.7,
    "q25": 0.05,
    "q75": 0.999,
    "variance": 0.18996787694320677,
    "skewness": -1.5587563789257685e-47,
    "kurtosis": -3.0
  },
  "bets": {
    "mean": 0.04363281249999999,
    "std": 0.18932983665640196,
    "min": -0.4,
    "max": 1.0,
    "median": 0.0,
    "q25": 0.0,
    "q75": 0.1,
    "variance": 0.03584578704833984,
    "skewness": 7.216464717248928e-50,
    "kurtosis": -3.0
  },
  "confidence": {
    "mean": 8.7109375,
    "std": 1.3955976752251167,
    "min": "3",
    "max": "10",
    "median": 9.0,
    "q25": 8.0,
    "q75": 10.0,
    "variance": 1.94769287109375,
    "skewness": 1.7105694144590052e-49,
    "kurtosis": -3.0
  }
}