{
  "total_allocated": {
    "mean": 0.72421875,
    "std": 0.34652202620964445,
    "min": 0.0,
    "max": 1.0,
    "median": 0.8999999999999999,
    "q25": 0.7,
    "q75": 1.0,
    "variance": 0.12007751464843751,
    "skewness": -5.7731717737991426e-49,
    "kurtosis": -3.0
  },
  "unallocated_capital": {
    "mean": 0.27890625,
    "std": 0.34514542762571476,
    "min": 0.0,
    "max": 1.0,
    "median": 0.15,
    "q25": 0.0,
    "q75": 0.3,
    "variance": 0.1191253662109375,
    "skewness": -4.1761948595190557e-50,
    "kurtosis": -3.0
  },
  "num_positive_bets": {
    "mean": 0.859375,
    "std": 0.6816154409746011,
    "min": "0",
    "max": "2",
    "median": 1.0,
    "q25": 0.0,
    "q75": 1.0,
    "variance": 0.464599609375,
    "skewness": 7.216464717248928e-50,
    "kurtosis": -3.0
  },
  "num_negative_bets": {
    "mean": 0.953125,
    "std": 0.8914469890997445,
    "min": "0",
    "max": "4",
    "median": 1.0,
    "q25": 0.0,
    "q75": 1.0,
    "variance": 0.794677734375,
    "skewness": 5.558515358019863e-50,
    "kurtosis": -3.0
  },
  "avg_bet_magnitude": {
    "mean": 0.2152994791666667,
    "std": 0.12073014336564769,
    "min": 0.0,
    "max": 0.5,
    "median": 0.24375,
    "q25": 0.175,
    "q75": 0.25,
    "variance": 0.014575767517089845,
    "skewness": -1.3131293020682957e-47,
    "kurtosis": -3.0
  },
  "num_markets_per_event": {
    "mean": 3.640625,
    "std": 0.715174530709113,
    "min": "2",
    "max": "4",
    "median": 4.0,
    "q25": 4.0,
    "q75": 4.0,
    "variance": 0.511474609375,
    "skewness": -2.1382117680737565e-50,
    "kurtosis": -3.0
  }
}