{
  "total_allocated": [
    0.0,
    0.8,
    1.0,
    0.85,
    0.0,
    0.7,
    1.0,
    0.7,
    1.0,
    0.8999999999999999,
    0.9500000000000001,
    0.7,
    1.0,
    0.9,
    1.0,
    0.7999999999999999,
    0.0,
    0.9,
    0.8,
    0.8,
    1.0,
    0.7,
    1.0,
    0.9,
    1.0,
    0.5,
    0.0,
    0.6,
    0.0,
    0.9,
    1.0,
    0.9999999999999999,
    0.9,
    0.44999999999999996,
    0.8,
    0.2,
    1.0,
    0.6000000000000001,
    0.0,
    0.9500000000000001,
    1.0,
    0.8,
    1.0,
    1.0,
    0.0,
    0.9,
    0.9500000000000001,
    0.9,
    0.0,
    0.9999999999999999,
    0.0,
    0.7,
    0.0,
    0.8,
    1.0,
    0.8999999999999999,
    1.0,
    0.7,
    1.0,
    0.9000000000000001,
    0.9,
    0.8,
    1.0,
    0.8
  ],
  "unallocated_capital": [
    1.0,
    0.2,
    0.0,
    0.15,
    1.0,
    0.3,
    0.0,
    0.3,
    0.0,
    0.1,
    0.05,
    0.3,
    0.0,
    0.1,
    0.0,
    0.2,
    1.0,
    0.2,
    0.2,
    0.2,
    0.0,
    0.3,
    0.0,
    0.1,
    0.0,
    0.5,
    1.0,
    0.4,
    1.0,
    0.1,
    0.0,
    0.0,
    0.1,
    0.55,
    0.2,
    0.8,
    0.0,
    0.4,
    1.0,
    0.15,
    0.0,
    0.2,
    0.0,
    0.0,
    1.0,
    0.1,
    0.05,
    0.1,
    1.0,
    0.0,
    1.0,
    0.3,
    1.0,
    0.2,
    0.0,
    0.1,
    0.0,
    0.3,
    0.0,
    0.1,
    0.1,
    0.2,
    0.0,
    0.2
  ],
  "num_positive_bets": [
    0,
    1,
    0,
    2,
    0,
    0,
    1,
    1,
    1,
    1,
    0,
    1,
    0,
    1,
    2,
    2,
    0,
    1,
    2,
    1,
    0,
    2,
    0,
    1,
    1,
    1,
    0,
    0,
    0,
    1,
    1,
    1,
    0,
    1,
    2,
    1,
    0,
    1,
    0,
    1,
    2,
    1,
    1,
    1,
    0,
    1,
    1,
    1,
    0,
    2,
    0,
    1,
    0,
    1,
    1,
    1,
    0,
    2,
    2,
    1,
    1,
    2,
    1,
    1
  ],
  "num_negative_bets": [
    0,
    1,
    1,
    1,
    0,
    2,
    0,
    1,
    0,
    1,
    4,
    1,
    1,
    1,
    1,
    0,
    0,
    2,
    2,
    0,
    1,
    2,
    1,
    3,
    0,
    1,
    0,
    1,
    0,
    2,
    0,
    2,
    1,
    3,
    1,
    0,
    1,
    1,
    0,
    1,
    1,
    1,
    0,
    1,
    0,
    2,
    2,
    2,
    0,
    2,
    0,
    1,
    0,
    1,
    0,
    1,
    1,
    2,
    0,
    2,
    0,
    1,
    0,
    1
  ],
  "avg_bet_magnitude": [
    0.0,
    0.4,
    0.25,
    0.2125,
    0.0,
    0.35,
    0.25,
    0.175,
    0.25,
    0.22499999999999998,
    0.23750000000000002,
    0.175,
    0.25,
    0.45,
    0.25,
    0.19999999999999998,
    0.0,
    0.225,
    0.2,
    0.2,
    0.25,
    0.175,
    0.25,
    0.225,
    0.25,
    0.125,
    0.0,
    0.15,
    0.0,
    0.3,
    0.25,
    0.24999999999999997,
    0.225,
    0.11249999999999999,
    0.2,
    0.05,
    0.25,
    0.30000000000000004,
    0.0,
    0.47500000000000003,
    0.25,
    0.2,
    0.25,
    0.25,
    0.0,
    0.3,
    0.3166666666666667,
    0.3,
    0.0,
    0.24999999999999997,
    0.0,
    0.35,
    0.0,
    0.4,
    0.25,
    0.22499999999999998,
    0.25,
    0.175,
    0.5,
    0.30000000000000004,
    0.225,
    0.2,
    0.25,
    0.4
  ],
  "num_markets_per_event": [
    4,
    2,
    4,
    4,
    4,
    2,
    4,
    4,
    4,
    4,
    4,
    4,
    4,
    2,
    4,
    4,
    4,
    4,
    4,
    4,
    4,
    4,
    4,
    4,
    4,
    4,
    4,
    4,
    4,
    3,
    4,
    4,
    4,
    4,
    4,
    4,
    4,
    2,
    4,
    2,
    4,
    4,
    4,
    4,
    4,
    3,
    3,
    3,
    4,
    4,
    4,
    2,
    4,
    2,
    4,
    4,
    4,
    4,
    2,
    3,
    4,
    4,
    4,
    2
  ]
}