{
  "odds": {
    "mean": 0.4978648068669527,
    "std": 0.4325978293258174,
    "min": 0.0,
    "max": 1.0,
    "median": 0.55,
    "q25": 0.04,
    "q75": 0.99,
    "variance": 0.18714088193740908,
    "skewness": 2.5842848977594114e-48,
    "kurtosis": -3.0
  },
  "bets": {
    "mean": 0.022103004291845495,
    "std": 0.3489940757757881,
    "min": -1.0,
    "max": 1.0,
    "median": 0.0,
    "q25": -0.05,
    "q75": 0.0,
    "variance": 0.12179686492659655,
    "skewness": -6.9237742674024e-51,
    "kurtosis": -3.0
  },
  "confidence": {
    "mean": 7.3004291845493565,
    "std": 2.3337144194965864,
    "min": "0",
    "max": "10",
    "median": 8.0,
    "q25": 6.0,
    "q75": 9.0,
    "variance": 5.446222991766288,
    "skewness": -1.8150258815539347e-48,
    "kurtosis": -3.0
  }
}