{
  "total_allocated": [
    1.0,
    0.8999999999999999,
    0.99,
    0.9500000000000001,
    0.9999999999999999,
    0.9999999999999999,
    0.99,
    1.0,
    0.9,
    1.0,
    0.99,
    0.8999999999999999,
    0.95,
    0.8499999999999999,
    0.9,
    0.8999999999999999,
    0.8999999999999999,
    0.9999999999999999,
    0.9,
    0.8500000000000001
  ],
  "unallocated_capital": [
    0.0,
    0.1,
    0.01,
    0.05,
    0.0,
    0.0,
    0.01,
    0.0,
    0.1,
    0.0,
    0.01,
    0.1,
    0.05,
    0.15,
    0.09999999999999998,
    0.10000000000000009,
    0.10000000000000009,
    0.0,
    0.1,
    0.1499999999999999
  ],
  "num_positive_bets": [
    2,
    1,
    0,
    1,
    2,
    1,
    2,
    2,
    0,
    2,
    0,
    1,
    2,
    1,
    0,
    1,
    2,
    1,
    0,
    1
  ],
  "num_negative_bets": [
    1,
    1,
    1,
    3,
    2,
    3,
    2,
    2,
    1,
    2,
    1,
    1,
    1,
    3,
    2,
    2,
    1,
    3,
    1,
    3
  ],
  "avg_bet_magnitude": [
    0.25,
    0.22499999999999998,
    0.2475,
    0.23750000000000002,
    0.24999999999999997,
    0.24999999999999997,
    0.2475,
    0.25,
    0.225,
    0.25,
    0.2475,
    0.22499999999999998,
    0.2375,
    0.21249999999999997,
    0.225,
    0.22499999999999998,
    0.22499999999999998,
    0.24999999999999997,
    0.225,
    0.21250000000000002
  ],
  "num_markets_per_event": [
    4,
    4,
    4,
    4,
    4,
    4,
    4,
    4,
    4,
    4,
    4,
    4,
    4,
    4,
    4,
    4,
    4,
    4,
    4,
    4
  ]
}