{
  "total_allocated": {
    "mean": 0.9434999999999999,
    "std": 0.05312955862794269,
    "min": 0.8499999999999999,
    "max": 1.0,
    "median": 0.95,
    "q25": 0.8999999999999999,
    "q75": 0.9999999999999999,
    "variance": 0.0028227499999999997,
    "skewness": 2.4243024499587277e-45,
    "kurtosis": -3.0
  },
  "unallocated_capital": {
    "mean": 0.056499999999999995,
    "std": 0.05312955862794269,
    "min": 0.0,
    "max": 0.15,
    "median": 0.05,
    "q25": 0.0,
    "q75": 0.1,
    "variance": 0.0028227499999999997,
    "skewness": 5.60519385729927e-48,
    "kurtosis": -3.0
  },
  "num_positive_bets": {
    "mean": 1.1,
    "std": 0.7681145747868608,
    "min": "0",
    "max": "2",
    "median": 1.0,
    "q25": 0.75,
    "q75": 2.0,
    "variance": 0.5900000000000001,
    "skewness": -1.1732795613774315e-48,
    "kurtosis": -3.0
  },
  "num_negative_bets": {
    "mean": 1.8,
    "std": 0.812403840463596,
    "min": "1",
    "max": "3",
    "median": 2.0,
    "q25": 1.0,
    "q75": 2.25,
    "variance": 0.6599999999999999,
    "skewness": -1.0947644252537636e-50,
    "kurtosis": -3.0
  },
  "avg_bet_magnitude": {
    "mean": 0.23587499999999997,
    "std": 0.013282389656985673,
    "min": 0.21249999999999997,
    "max": 0.25,
    "median": 0.2375,
    "q25": 0.22499999999999998,
    "q75": 0.24999999999999997,
    "variance": 0.00017642187499999998,
    "skewness": 2.4243024499587277e-45,
    "kurtosis": -3.0
  },
  "num_markets_per_event": {
    "mean": 4.0,
    "std": 0.0,
    "min": "4",
    "max": "4",
    "median": 4.0,
    "q25": 4.0,
    "q75": 4.0,
    "variance": 0.0,
    "skewness": 0.0,
    "kurtosis": 0.0
  }
}