{
  "odds": {
    "mean": 0.407325,
    "std": 0.43374956844358936,
    "min": 0.0,
    "max": 1.0,
    "median": 0.1,
    "q25": 0.01,
    "q75": 0.9,
    "variance": 0.188138688125,
    "skewness": 2.9558639481851606e-49,
    "kurtosis": -3.0
  },
  "bets": {
    "mean": -0.04337499999999999,
    "std": 0.34166483485281307,
    "min": -0.99,
    "max": 0.6,
    "median": 0.0,
    "q25": -0.2,
    "q75": 0.1125,
    "variance": 0.11673485937500001,
    "skewness": -8.758115402030109e-50,
    "kurtosis": -3.0
  },
  "confidence": {
    "mean": 8.8,
    "std": 1.3076696830622019,
    "min": "4",
    "max": "10",
    "median": 9.0,
    "q25": 8.0,
    "q75": 10.0,
    "variance": 1.7099999999999997,
    "skewness": -1.5134023414708022e-46,
    "kurtosis": -3.0
  }
}